{"fetched_at": 1781457700.8129458, "fetched_iso": "2026-06-14T17:21:40.812947+00:00", "isin_logic_version": 2, "isins": {}}