{
  "milestone": "M6",
  "signal_id": "m6_event_diffexp",
  "feature_family": "event_diffexp",
  "as_of": "2025-03-31",
  "exit_gate": {
    "spread_clears_venue_feasible": false,
    "dsr_passes": false,
    "beats_baselines": false,
    "clears_capacity_floor": false,
    "median_control_fraction": 0.8883760254478485,
    "promoted": false
  },
  "inputs": {
    "n_dates": 62,
    "n_names": 574,
    "channels_with_exposure": [
      "energy",
      "foreign_flow",
      "fx",
      "holding",
      "market",
      "rates_cds"
    ],
    "n_events_channels": 718,
    "n_trials_grid": 12,
    "n_oos_test_dates": 52,
    "short_eligible_available": false
  },
  "verdict": {
    "promoted": false,
    "beats_baselines": false,
    "candidate_net_sharpe": -0.18000465736085433,
    "best_baseline_net_sharpe": 0.18570997211621293,
    "best_baseline": "differential_exposure",
    "book": "venue_feasible",
    "n_trials": 12,
    "capacity_ok": false,
    "dsr": {
      "dsr": 0.05314307370352311,
      "sr_observed": -0.18000465736085433,
      "sr_benchmark": 0.05352249406267277,
      "n_obs": 52,
      "n_trials": 12,
      "skew": 0.30209247679491646,
      "kurtosis": 2.4594969383460796,
      "passes": false
    },
    "pbo": {
      "pbo": 0.1910569105691057,
      "n_splits": 246,
      "n_strategies": 16,
      "n_partitions": 10,
      "median_logit": 2.0149030205422647
    },
    "baseline_net_sharpes": {
      "persistence": -0.07352221884237962,
      "differential_exposure": 0.18570997211621293,
      "own_factor_event": 0.1499714211589452
    },
    "failed_checks": [
      "beats_baselines",
      "capacity_clears_floor",
      "dsr_passes"
    ]
  },
  "books": {
    "research": {
      "book": "research",
      "n_periods": 52,
      "gross_sharpe": -0.10549616812595235,
      "net_sharpe": -0.10549616812595235,
      "total_net_return": -0.013001568903460822,
      "avg_turnover": 0.15790024204317474,
      "avg_gross_exposure": 0.9999999999999993
    },
    "venue_feasible": {
      "book": "venue_feasible",
      "n_periods": 52,
      "gross_sharpe": -0.10549616812595235,
      "net_sharpe": -0.18000465736085433,
      "total_net_return": -0.02224412752145194,
      "avg_turnover": 0.15790024204317474,
      "avg_gross_exposure": 0.9999999999999993
    },
    "stress": {
      "book": "stress",
      "n_periods": 52,
      "gross_sharpe": -0.10265986808597638,
      "net_sharpe": -0.13372403571384278,
      "total_net_return": -0.05538194958956394,
      "avg_turnover": 0.08091854409713727,
      "avg_gross_exposure": 0.5
    }
  },
  "capacity_curve": [
    {
      "notional_scale": 0.5,
      "net_sharpe": -0.18000465736085433
    },
    {
      "notional_scale": 1.0,
      "net_sharpe": -0.18000465736085433
    },
    {
      "notional_scale": 2.0,
      "net_sharpe": -0.18000465736085433
    },
    {
      "notional_scale": 5.0,
      "net_sharpe": -0.18000465736085464
    },
    {
      "notional_scale": 10.0,
      "net_sharpe": -0.18000465736085464
    }
  ],
  "control_survival": [
    {
      "event_id": "2025-03-19|rates_cds|+1",
      "n_names": 539,
      "n_high": 0,
      "n_control": 539,
      "control_fraction": 1.0
    },
    {
      "event_id": "2025-03-19|foreign_flow|-1",
      "n_names": 539,
      "n_high": 0,
      "n_control": 539,
      "control_fraction": 1.0
    },
    {
      "event_id": "2025-03-19|market|-1",
      "n_names": 539,
      "n_high": 59,
      "n_control": 480,
      "control_fraction": 0.8905380333951762
    },
    {
      "event_id": "2025-03-19|sector|-1",
      "n_names": 0,
      "n_high": 0,
      "n_control": 0,
      "control_fraction": 0.0
    },
    {
      "event_id": "2025-03-19|energy|+1",
      "n_names": 539,
      "n_high": 56,
      "n_control": 483,
      "control_fraction": 0.8961038961038961
    },
    {
      "event_id": "2025-03-19|fx|+1",
      "n_names": 539,
      "n_high": 432,
      "n_control": 107,
      "control_fraction": 0.19851576994434136
    },
    {
      "event_id": "2025-03-19|energy|-1",
      "n_names": 539,
      "n_high": 56,
      "n_control": 483,
      "control_fraction": 0.8961038961038961
    },
    {
      "event_id": "2025-03-19|fx|-1",
      "n_names": 539,
      "n_high": 432,
      "n_control": 107,
      "control_fraction": 0.19851576994434136
    },
    {
      "event_id": "2025-01-01|foreign_flow|-1",
      "n_names": 0,
      "n_high": 0,
      "n_control": 0,
      "control_fraction": 0.0
    },
    {
      "event_id": "2025-01-01|rates_cds|+1",
      "n_names": 0,
      "n_high": 0,
      "n_control": 0,
      "control_fraction": 0.0
    },
    {
      "event_id": "2025-01-01|fx|-1",
      "n_names": 0,
      "n_high": 0,
      "n_control": 0,
      "control_fraction": 0.0
    },
    {
      "event_id": "2025-01-01|fx|+1",
      "n_names": 0,
      "n_high": 0,
      "n_control": 0,
      "control_fraction": 0.0
    },
    {
      "event_id": "2025-01-01|market|-1",
      "n_names": 0,
      "n_high": 0,
      "n_control": 0,
      "control_fraction": 0.0
    },
    {
      "event_id": "2025-01-01|sector|-1",
      "n_names": 0,
      "n_high": 0,
      "n_control": 0,
      "control_fraction": 0.0
    },
    {
      "event_id": "2025-01-01|energy|+1",
      "n_names": 0,
      "n_high": 0,
      "n_control": 0,
      "control_fraction": 0.0
    },
    {
      "event_id": "2025-01-01|energy|-1",
      "n_names": 0,
      "n_high": 0,
      "n_control": 0,
      "control_fraction": 0.0
    },
    {
      "event_id": "2025-01-02|energy|+1",
      "n_names": 0,
      "n_high": 0,
      "n_control": 0,
      "control_fraction": 0.0
    },
    {
      "event_id": "2025-01-02|market|-1",
      "n_names": 0,
      "n_high": 0,
      "n_control": 0,
      "control_fraction": 0.0
    },
    {
      "event_id": "2025-01-02|foreign_flow|-1",
      "n_names": 0,
      "n_high": 0,
      "n_control": 0,
      "control_fraction": 0.0
    },
    {
      "event_id": "2025-01-02|fx|+1",
      "n_names": 0,
      "n_high": 0,
      "n_control": 0,
      "control_fraction": 0.0
    },
    {
      "event_id": "2025-01-02|fx|-1",
      "n_names": 0,
      "n_high": 0,
      "n_control": 0,
      "control_fraction": 0.0
    },
    {
      "event_id": "2025-01-02|sector|-1",
      "n_names": 0,
      "n_high": 0,
      "n_control": 0,
      "control_fraction": 0.0
    },
    {
      "event_id": "2025-01-02|rates_cds|+1",
      "n_names": 0,
      "n_high": 0,
      "n_control": 0,
      "control_fraction": 0.0
    },
    {
      "event_id": "2025-01-02|energy|-1",
      "n_names": 0,
      "n_high": 0,
      "n_control": 0,
      "control_fraction": 0.0
    },
    {
      "event_id": "2025-01-03|foreign_flow|-1",
      "n_names": 0,
      "n_high": 0,
      "n_control": 0,
      "control_fraction": 0.0
    },
    {
      "event_id": "2025-01-03|fx|-1",
      "n_names": 0,
      "n_high": 0,
      "n_control": 0,
      "control_fraction": 0.0
    },
    {
      "event_id": "2025-01-03|fx|+1",
      "n_names": 0,
      "n_high": 0,
      "n_control": 0,
      "control_fraction": 0.0
    },
    {
      "event_id": "2025-01-03|rates_cds|+1",
      "n_names": 0,
      "n_high": 0,
      "n_control": 0,
      "control_fraction": 0.0
    },
    {
      "event_id": "2025-01-03|market|-1",
      "n_names": 0,
      "n_high": 0,
      "n_control": 0,
      "control_fraction": 0.0
    },
    {
      "event_id": "2025-01-03|sector|-1",
      "n_names": 0,
      "n_high": 0,
      "n_control": 0,
      "control_fraction": 0.0
    },
    {
      "event_id": "2025-01-03|energy|+1",
      "n_names": 0,
      "n_high": 0,
      "n_control": 0,
      "control_fraction": 0.0
    },
    {
      "event_id": "2025-01-03|energy|-1",
      "n_names": 0,
      "n_high": 0,
      "n_control": 0,
      "control_fraction": 0.0
    },
    {
      "event_id": "2025-01-04|market|-1",
      "n_names": 540,
      "n_high": 18,
      "n_control": 522,